UT,AU,AF
WOS:000988607500001,"Guarnieri, E; Tur-Prats, A","Guarnieri, Eleonora; Tur-Prats, Ana"
WOS:000868979600001,"Smith, M; Zidar, O; Zwick, E","Smith, Matthew; Zidar, Owen; Zwick, Eric"
WOS:000813226900001,"Cai, J; Wang, SY","Cai, Jing; Wang, Shing-Yi"
WOS:000784752700001,"Adao, R; Carrillo, P; Costinot, A; Donaldson, D; Pomeranz, D","Adao, Rodrigo; Carrillo, Paul; Costinot, Arnaud; Donaldson, Dave; Pomeranz, Dina"
WOS:000642334600003,"Gopinath, G; Stein, JC","Gopinath, Gita; Stein, Jeremy C."
WOS:000612198000011,"Kim, R","Kim, Ryan"
WOS:000489163400003,"Allcott, H; Diamond, R; Dubé, JP; Handbury, J; Rahkovsky, I; Schnell, M","Allcott, Hunt; Diamond, Rebecca; Dube, Jean-Pierre; Handbury, Jessie; Rahkovsky, Ilya; Schnell, Molly"
WOS:000489161300005,"Chodorow-Reich, G; Coglianese, J; Karabarbounis, L","Chodorow-Reich, Gabriel; Coglianese, John; Karabarbounis, Loukas"
WOS:000435871300001,"Piketty, T; Saez, E; Zucman, G","Piketty, Thomas; Saez, Emmanuel; Zucman, Gabriel"
WOS:000423802600008,"Alsan, M; Wanamaker, M","Alsan, Marcella; Wanamaker, Marianne"
WOS:000412764300005,"Mian, A; Sufi, A; Verner, E","Mian, Atif; Sufi, Amir; Verner, Emil"
WOS:000406177000010,"Polborn, MK; Snyder, JM","Polborn, Mattias K.; Snyder, James M., Jr."
WOS:000383326100010,"Barrot, JN; Sauvagnat, J","Barrot, Jean-Noel; Sauvagnat, Julien"
WOS:000383326100004,"Spiegler, R","Spiegler, Ran"
WOS:000359638900007,"Bursztyn, L; Jensen, R","Bursztyn, Leonardo; Jensen, Robert"
WOS:000359638900008,"Gabaix, X; Maggiori, M","Gabaix, Xavier; Maggiori, Matteo"
WOS:000354733000001,"Michaillat, P; Saez, E","Michaillat, Pascal; Saez, Emmanuel"
WOS:000346660500004,"Dahl, GB; Kostol, AR; Mogstad, M","Dahl, Gordon B.; Kostol, Andreas Ravndal; Mogstad, Magne"
WOS:000999692200001,"Beraja, M; Kao, AD; Yang, DY; Yuchtman, N","Beraja, Martin; Kao, Andrew; Yang, David Y.; Yuchtman, Noam"
WOS:000986383900001,"Korting, C; Lieberman, C; Matsudaira, J; Pei, Z; Shen, Y","Korting, Christina; Lieberman, Carl; Matsudaira, Jordan; Pei, Zhuan; Shen, Yi"
WOS:000743312400004,"Frydman, C; Jin, LJ","Frydman, Cary; Jin, Lawrence J."
WOS:000728439200002,"Lowes, S; Montero, E","Lowes, Sara; Montero, Eduardo"
WOS:000612198000006,"Bryan, G; Choi, JJ; Karlan, D","Bryan, Gharad; Choi, James J.; Karlan, Dean"
WOS:000612198000008,"Cameron, L; Seager, J; Shah, M","Cameron, Lisa; Seager, Jennifer; Shah, Manisha"
WOS:000612198000005,"Lian, C; Ma, YR","Lian, Chen; Ma, Yueran"
WOS:000507362800004,"Coibion, O; Gorodnichenko, Y; Ropele, T","Coibion, Olivier; Gorodnichenko, Yuriy; Ropele, Tiziano"
WOS:000489163400007,"DellaVigna, S; Gentzkow, M","DellaVigna, Stefano; Gentzkow, Matthew"
WOS:000451281400006,"Nakamura, E; Steinsson, J; Sun, P; Villar, D","Nakamura, Emi; Steinsson, Jon; Sun, Patrick; Villar, Daniel"
WOS:000423802600006,"Farhi, E; Maggiori, M","Farhi, Emmanuel; Maggiori, Matteo"
WOS:000359638900002,"Augenblick, N; Niederle, M; Sprenger, C","Augenblick, Ned; Niederle, Muriel; Sprenger, Charles"
WOS:000359638900006,"Edelman, B; Wright, J","Edelman, Benjamin; Wright, Julian"
WOS:000354733000006,"Aizer, A; Doyle, JJ","Aizer, Anna; Doyle, Joseph J., Jr."
WOS:000346660500006,"Autor, DH; Dorn, D; Hanson, GH; Song, J","Autor, David H.; Dorn, David; Hanson, Gordon H.; Song, Jae"
WOS:000346660500008,"Hjort, J","Hjort, Jonas"
WOS:000330451700007,"Kline, P; Moretti, E","Kline, Patrick; Moretti, Enrico"
WOS:000642334600011,"Rose, EK","Rose, Evan K."
WOS:000544015700001,"De Loecker, J; Eeckhout, J; Unger, G","De Loecker, Jan; Eeckhout, Jan; Unger, Gabriel"
WOS:000451281400010,"Shi, SY; Delacroix, A","Shi, Shouyong; Delacroix, Alain"
WOS:000412764300002,"Deming, DJ","Deming, David J."
WOS:000412764300006,"Drechsler, I; Savov, A; Schnabl, P","Drechsler, Itamar; Savov, Alexi; Schnabl, Philipp"
WOS:000412764300010,"Larcom, S; Rauch, F; Willems, T","Larcom, Shaun; Rauch, Ferdinand; Willems, Tim"
WOS:000401981500008,"Cravino, J; Levchenko, AA","Cravino, Javier; Levchenko, Andrei A."
WOS:000388576700008,"Belloc, M; Drago, F; Galbiati, R","Belloc, Marianna; Drago, Francesco; Galbiati, Roberto"
WOS:000365535400005,"Akerman, A; Gaarder, I; Mogstad, M","Akerman, Anders; Gaarder, Ingvil; Mogstad, Magne"
WOS:000359638900001,"Muralidharan, K; Sundararaman, V","Muralidharan, Karthik; Sundararaman, Venkatesh"
WOS:000342236000007,"Fryer, RG","Fryer, Roland G., Jr."
WOS:000330451700009,"Cascio, EU; Washington, E","Cascio, Elizabeth U.; Washington, Ebonya"
WOS:000330451700003,"Kuziemko, I; Buell, RW; Reich, T; Norton, MI","Kuziemko, Ilyana; Buell, Ryan W.; Reich, Taly; Norton, Michael I."
WOS:000763961400001,"Alpert, A; Evans, WN; Lieber, EMJ; Powell, D","Alpert, Abby; Evans, William N.; Lieber, Ethan M. J.; Powell, David"
WOS:000728439200011,"Guriev, S; Melnikov, N; Zhuravskaya, E","Guriev, Sergei; Melnikov, Nikita; Zhuravskaya, Ekaterina"
WOS:000489163400005,"Liu, E","Liu, Ernest"
WOS:000451281400004,"Mertens, K; Olea, JLM","Mertens, Karel; Olea, Jose Luis Montiel"
WOS:000406177000007,"López-Salido, D; Stein, JC; Zakrajsek, E","Lopez-Salido, David; Stein, Jeremy C.; Zakrajsek, Egon"
WOS:000354733000002,"Bertrand, M; Kamenica, E; Pan, J","Bertrand, Marianne; Kamenica, Emir; Pan, Jessica"
WOS:000351525000009,"Atkeson, A; Hellwig, C; Ordoñez, G","Atkeson, Andrew; Hellwig, Christian; Ordonez, Guillermo"
WOS:000336146600009,"Gollin, D; Lagakos, D; Waugh, ME","Gollin, Douglas; Lagakos, David; Waugh, Michael E."
WOS:000935190200001,"Guvenen, F; Kambourov, G; Kuruscu, B; Ocampo, S; Chen, DP","Guvenen, Fatih; Kambourov, Gueorgui; Kuruscu, Burhan; Ocampo, Sergio; Chen, Daphne"
WOS:000728439200001,"Michalopoulos, S; Xue, MM","Michalopoulos, Stelios; Xue, Melanie Meng"
WOS:000672777600009,"Miller, S; Johnson, N; Wherry, LR","Miller, Sarah; Johnson, Norman; Wherry, Laura R."
WOS:000507362800002,"Chodorow-Reich, G; Gopinath, G; Mishra, P; Narayanan, A","Chodorow-Reich, Gabriel; Gopinath, Gita; Mishra, Prachi; Narayanan, Abhinav"
WOS:000507362800010,"Redding, SJ; Weinstein, DE","Redding, Stephen J.; Weinstein, David E."
WOS:000489161300001,"Song, J; Price, DJ; Guvenen, F; Bloom, N; Von Wachter, T","Song, Jae; Price, David J.; Guvenen, Fatih; Bloom, Nicholas; Von Wachter, Till"
WOS:000451281400005,"Arnold, D; Dobbie, W; Yang, CS","Arnold, David; Dobbie, Will; Yang, Crystal S."
WOS:000406177000003,"Goldschmidt, D; Schmieder, JF","Goldschmidt, Deborah; Schmieder, Johannes F."
WOS:000383326100002,"Fajgelbaum, PD; Khandelwal, AK","Fajgelbaum, Pablo D.; Khandelwal, Amit K."
WOS:000365535400001,"Budish, E; Cramton, P; Shim, J","Budish, Eric; Cramton, Peter; Shim, John"
WOS:000359638900010,"Jha, S","Jha, Saumitra"
WOS:000354733000007,"Burks, SV; Cowgill, B; Hoffman, M; Housman, M","Burks, Stephen V.; Cowgill, Bo; Hoffman, Mitchell; Housman, Michael"
WOS:000346660500007,"Eyster, E; Rabin, M","Eyster, Erik; Rabin, Matthew"
WOS:000342236000010,"Caron, J; Fally, T; Markusen, JR","Caron, Justin; Fally, Thibault; Markusen, James R."
WOS:000330451700005,"Vavra, J","Vavra, Joseph"
WOS:001011152200001,"Donovan, K; Lu, WJ; Schoellman, T","Donovan, Kevin; Lu, Will Jianyu; Schoellman, Todd"
WOS:000847148900001,"Cullen, Z; Dobbie, W; Hoffman, M","Cullen, Zoe; Dobbie, Will; Hoffman, Mitchell"
WOS:000836097700001,"KLINE, P; ROSE, EK; WALTERS, CR","KLINE, P. A. T. R. I. C. K.; ROSE, E. V. A. N. K.; WALTERS, C. H. R. I. S. T. O. P. H. E. R. R."
WOS:000815161100001,"Carleton, T; Jina, A; Delgado, M; Greenstone, M; Houser, T; Hsiang, SL; Hultgren, A; Kopp, RE; McCusker, KE; Nath, I; Rising, J; Rode, A; Seo, HK; Viaene, A; Yuan, JC; Zhang, AT","Carleton, Tamma; Jina, Amir; Delgado, Michael; Greenstone, Michael; Houser, Trevor; Hsiang, Solomon; Hultgren, Andrew; Kopp, Robert E.; McCusker, Kelly E.; Nath, Ishan; Rising, James; Rode, Ashwin; Seo, Hee Kwon; Viaene, Arvid; Yuan, Jiacan; Zhang, Alice Tianbo"
WOS:000770412500001,"Amiti, M; Itskhoki, O; Konings, J","Amiti, Mary; Itskhoki, Oleg; Konings, Jozef"
WOS:000764048500001,"DellaVigna, S; Heining, J; Schmieder, JF; Trenkle, S","DellaVigna, Stefano; Heining, Joerg; Schmieder, Johannes F.; Trenkle, Simon"
WOS:000777482200001,"Angrist, J; Autor, D; Pallais, A","Angrist, Joshua; Autor, David; Pallais, Amanda"
WOS:000489162100009,"Cantoni, D; Yang, DY; Yuchtman, N; Zhang, YJ","Cantoni, Davide; Yang, David Y.; Yuchtman, Noam; Zhang, Y. Jane"
WOS:000451281400001,"Falk, A; Becker, A; Dohmen, T; Enke, B; Huffman, D; Sunde, U","Falk, Armin; Becker, Anke; Dohmen, Thomas; Enke, Benjamin; Huffman, David; Sunde, Uwe"
WOS:000383326100007,"Araujo, MC; Carneiro, P; Cruz-Aguayo, Y; Schady, N","Araujo, M. Caridad; Carneiro, Pedro; Cruz-Aguayo, Yyannu; Schady, Norbert"
WOS:000371602500008,"Boffa, F; Piolatto, A; Ponzetto, GAM","Boffa, Federico; Piolatto, Amedeo; Ponzetto, Giacomo A. M."
WOS:000365535400003,"Bronnenberg, BJ; Dubé, JP; Gentzkow, M; Shapiro, JM","Bronnenberg, Bart J.; Dube, Jean-Pierre; Gentzkow, Matthew; Shapiro, Jesse M."
WOS:000336146600007,"Cantoni, D; Yuchtman, N","Cantoni, Davide; Yuchtman, Noam"
WOS:000330451700001,"Chodorow-Reich, G","Chodorow-Reich, Gabriel"
WOS:000330451700002,"Karabarbounis, L; Neiman, B","Karabarbounis, Loukas; Neiman, Brent"
WOS:000986374800001,"Bilal, A","Bilal, Adrien"
WOS:000935187000001,"Buggle, J; Mayer, T; Sakalli, SO; Thoenig, M","Buggle, Johannes; Mayer, Thierry; Sakalli, Seyhun Orcan; Thoenig, Mathias"
WOS:000793034100001,"Xu, CZ","Xu, Chenzi"
WOS:000770112400001,"Alvarez, F; Argente, D","Alvarez, Fernando; Argente, David"
WOS:000642334600002,"Bhandari, A; McGrattan, ER","Bhandari, Anmol; McGrattan, Ellen R."
WOS:000612198000007,"Le Barbanchon, T; Rathelot, R; Roulet, A","Le Barbanchon, Thomas; Rathelot, Roland; Roulet, Alexandra"
WOS:000489162800002,"Carlana, M","Carlana, Michela"
WOS:000401981500009,"Levine, R; Rubinstein, Y","Levine, Ross; Rubinstein, Yona"
WOS:000371602500005,"Khan, AQ; Khwaja, AI; Olken, BA","Khan, Adnan Q.; Khwaja, Asim I.; Olken, Benjamin A."
WOS:000875748600001,"Grosjean, P; Masera, F; Yousaf, H","Grosjean, Pauline; Masera, Federico; Yousaf, Hasin"
WOS:000864359300001,"Bordalo, P; Conlon, JJ; Gennaioli, N; Kwon, SY; Shleifer, A","Bordalo, Pedro; Conlon, John J.; Gennaioli, Nicola; Kwon, Spencer Y.; Shleifer, Andrei"
WOS:000763959600001,"Lanzani, G","Lanzani, Giacomo"
WOS:000612198000009,"Barron, D; Guo, YN","Barron, Daniel; Guo, Yingni"
WOS:000593217300010,"Behrens, K; Mion, G; Murata, Y; Suedekum, J","Behrens, Kristian; Mion, Giordano; Murata, Yasusada; Suedekum, Jens"
WOS:000593217300004,"Deming, DJ; Noray, K","Deming, David J.; Noray, Kadeem"
WOS:000544015700007,"Fajgelbaum, PD; Gaubert, C","Fajgelbaum, Pablo D.; Gaubert, Cecile"
WOS:000507362800008,"Liang, AN; Mu, XS","Liang, Annie; Mu, Xiaosheng"
WOS:000489163400010,"Coffman, LC; Conlon, JJ; Featherstone, CR; Kessler, JB","Coffman, Lucas C.; Conlon, John J.; Featherstone, Clayton R.; Kessler, Judd B."
WOS:000451280400007,"Bayer, P; Charles, KK","Bayer, Patrick; Charles, Kerwin Kofi"
WOS:000412764300004,"Heathcote, J; Storesletten, K; Violante, GL","Heathcote, Jonathan; Storesletten, Kjetil; Violante, Giovanni L."
WOS:000365535400008,"Lewis, RA; Rao, JM","Lewis, Randall A.; Rao, Justin M."
WOS:000346660500009,"Yanagizawa-Drott, D","Yanagizawa-Drott, David"
WOS:001051517900001,"Christensen, P; Timmins, C","Christensen, Peter; Timmins, Christopher"
WOS:000813230500001,"BYRNE, DP; MARTIN, LA; NAH, JS","BYRNE, D. A. V. I. D. P.; MARTIN, L. E. S. L. I. E. A.; NAH, J. I. A. S. H. E. E. N."
WOS:000770415300001,"Avenancio-León, CF; Howard, T","Avenancio-Leon, Carlos F.; Howard, Troup"
WOS:000642334600005,"Marinescu, I; Skandalis, D","Marinescu, Ioana; Skandalis, Daphne"
WOS:000672777600011,"Bessone, P; Rao, G; Schilbach, F; Schofield, H; Toma, M","Bessone, Pedro; Rao, Gautam; Schilbach, Frank; Schofield, Heather; Toma, Mattie"
WOS:000642334600008,"Kehrig, M; Vincent, N","Kehrig, Matthias; Vincent, Nicolas"
WOS:000593217300002,"Weigel, JL","Weigel, Jonathan L."
WOS:000544017700007,"Chetty, R; Friedman, JN; Saez, E; Turner, N; Yagan, D","Chetty, Raj; Friedman, John N.; Saez, Emmanuel; Turner, Nicholas; Yagan, Danny"
WOS:000544017700001,"Hendren, N; Sprung-Keyser, B","Hendren, Nathaniel; Sprung-Keyser, Ben"
WOS:000544017700005,"Pflueger, C; Siriwardane, E; Sunderam, A","Pflueger, Carolin; Siriwardane, Emil; Sunderam, Adi"
WOS:000451280400005,"Sorkin, I","Sorkin, Isaac"
WOS:000401981500010,"Heidhues, P; Koszegi, B","Heidhues, Paul; Koszegi, Botond"
WOS:000388576700005,"Bordalo, P; Coffman, K; Gennaioli, N; Shleifer, A","Bordalo, Pedro; Coffman, Katherine; Gennaioli, Nicola; Shleifer, Andrei"
WOS:000383326100008,"Bleakley, H; Ferrie, J","Bleakley, Hoyt; Ferrie, Joseph"
WOS:000346660500001,"Chetty, R; Hendren, N; Kline, P; Saez, E","Chetty, Raj; Hendren, Nathaniel; Kline, Patrick; Saez, Emmanuel"
WOS:000336146600001,"Feenstra, RC; Romalis, J","Feenstra, Robert C.; Romalis, John"
WOS:000793997100001,"Folke, O; Rickne, J","Folke, Olle; Rickne, Johanna"
WOS:000764079400001,"Aneja, A; Xu, G","Aneja, Abhay; Xu, Guo"
WOS:000672777600002,"Coibion, O; Gorodnichenko, Y; Kumar, S; Ryngaert, J","Coibion, Olivier; Gorodnichenko, Yuriy; Kumar, Saten; Ryngaert, Jane"
WOS:000593217300008,"Bigio, S; La'O, J","Bigio, Saki; La'O, Jennifer"
WOS:000489162800006,"Cengiz, D; Dube, A; Lindner, A; Zipperer, B","Cengiz, Doruk; Dube, Arindrajit; Lindner, Attila; Zipperer, Ben"
WOS:000489162100005,"Burke, M; Bergquist, LF; Miguel, E","Burke, Marshall; Bergquist, Lauren Falcao; Miguel, Edward"
WOS:000406177000009,"Célérier, C; Vallée, B","Celerier, Claire; Vallee, Boris"
WOS:000401981500005,"Muir, T","Muir, Tyler"
WOS:000365535400002,"Baicker, K; Mullainathan, S; Schwartzstein, J","Baicker, Katherine; Mullainathan, Sendhil; Schwartzstein, Joshua"
WOS:000365535400006,"Squicciarini, MP; Voigtländer, N","Squicciarini, Mara P.; Voigtlaender, Nico"
WOS:000354733000010,"Callander, S; Harstad, B","Callander, Steven; Harstad, Bard"
WOS:000354733000005,"Wantchekon, L; Klasnja, M; Novta, N","Wantchekon, Leonard; Klasnja, Marko; Novta, Natalija"
WOS:000342236000004,"Gennaioli, N; Shleifer, A; Vishny, R","Gennaioli, Nicola; Shleifer, Andrei; Vishny, Robert"
WOS:001018021300001,"Esponda, I; Oprea, R; Yuksel, S","Esponda, Ignacio; Oprea, Ryan; Yuksel, Sevgi"
WOS:000935197700001,"Babina, T; He, AX; Howell, ST; Perlman, ER; Staudt, J","Babina, Tania; He, Alex Xi; Howell, Sabrina T.; Perlman, Elisabeth Ruth; Staudt, Joseph"
WOS:000763802200001,"Chan, DC; Gentzkow, M; Yu, C","Chan, David C.; Gentzkow, Matthew; Yu, Chuan"
WOS:000728439200009,"Bertrand, M; Bombardini, M; Fisman, R; Hackinen, B; Trebbi, F","Bertrand, Marianne; Bombardini, Matilde; Fisman, Raymond; Hackinen, Brad; Trebbi, Francesco"
WOS:000642334600001,"Jäger, S; Schoefer, B; Heining, J","Jager, Simon; Schoefer, Benjamin; Heining, Joerg"
WOS:000642334600009,"Macchiavello, R; Morjaria, A","Macchiavello, Rocco; Morjaria, Ameet"
WOS:000544017700004,"Bordalo, P; Gennaioli, N; Shleifer, A","Bordalo, Pedro; Gennaioli, Nicola; Shleifer, Andrei"
WOS:000544017700006,"Caballero, RJ; Simsek, A","Caballero, Ricardo J.; Simsek, Alp"
WOS:000406177000002,"Atkin, D; Chaudhry, A; Chaudry, S; Khandelwal, AK; Verhoogen, E","Atkin, David; Chaudhry, Azam; Chaudry, Shamyla; Khandelwal, Amit K.; Verhoogen, Eric"
WOS:000401981500007,"Angrist, JD; Hull, PD; Pathak, PA; Walters, CR","Angrist, Joshua D.; Hull, Peter D.; Pathak, Parag A.; Walters, Christopher R."
WOS:000351525000008,"Busse, MR; Pope, DG; Pope, JC; Silva-Risso, J","Busse, Meghan R.; Pope, Devin G.; Pope, Jaren C.; Silva-Risso, Jorge"
WOS:000351525000006,"Caselli, F; Morelli, M; Rohner, D","Caselli, Francesco; Morelli, Massimo; Rohner, Dominic"
WOS:000336146600003,"Karlan, D; Osei, R; Osei-Akoto, I; Udry, C","Karlan, Dean; Osei, Robert; Osei-Akoto, Isaac; Udry, Christopher"
WOS:001017928700001,"Finlay, K; Mueller-Smith, M; Street, B","Finlay, Keith; Mueller-Smith, Michael; Street, Brittany"
WOS:000836166500001,"Greenberg, K; Gudgeon, M; Isen, A; Miller, C; Patterson, R","Greenberg, Kyle; Gudgeon, Matthew; Isen, Adam; Miller, Corbin; Patterson, Richard"
WOS:000764873200001,"Balboni, C; Bandiera, O; Burgess, R; Ghatak, M; Heil, A","Balboni, Clare; Bandiera, Oriana; Burgess, Robin; Ghatak, Maitreesh; Heil, Anton"
WOS:000642334600010,"Christensen, D; Dube, O; Haushofer, J; Siddiqi, B; Voors, M","Christensen, Darin; Dube, Oeindrila; Haushofer, Johannes; Siddiqi, Bilal; Voors, Maarten"
WOS:000672777600007,"Hartzmark, SM; Hirshman, SD; Imas, A","Hartzmark, Samuel M.; Hirshman, Samuel D.; Imas, Alex"
WOS:000612198000012,"Harel, M; Mossel, E; Strack, P; Tamuz, O","Harel, Matan; Mossel, Elchanan; Strack, Philipp; Tamuz, Omer"
WOS:000544017700010,"Kamada, Y; Sugaya, T","Kamada, Yuichiro; Sugaya, Takuo"
WOS:000396771300010,"Battaglini, M","Battaglini, Marco"
WOS:000371602500002,"Malmendier, U; Nagel, S","Malmendier, Ulrike; Nagel, Stefan"
WOS:000346660500005,"Brunnermeier, MK; Simsek, A; Xiong, W","Brunnermeier, Markus K.; Simsek, Alp; Xiong, Wei"
WOS:000342236000009,"Olea, JLM; Strzalecki, T","Olea, Jose Luis Montiel; Strzalecki, Tomasz"
WOS:000336146600006,"Puga, D; Trefler, D","Puga, Diego; Trefler, Daniel"
WOS:000926656800001,"Dix-Carneiro, R; Pessoa, JP; Reyes-Heroles, R; Traiberman, S","Dix-Carneiro, Rafael; Pessoa, Joao Paulo; Reyes-Heroles, Ricardo; Traiberman, Sharon"
WOS:000806495000001,"Deshpande, M; Mueller-Smith, M","Deshpande, Manasi; Mueller-Smith, Michael"
WOS:000764043900001,"Alvarez, F; Lippi, F; Oskolkov, A","Alvarez, Fernando; Lippi, Francesco; Oskolkov, Aleksei"
WOS:000728439200003,"Heldring, L; Robinson, JA; Vollmer, S","Heldring, Leander; Robinson, James A.; Vollmer, Sebastian"
WOS:000612198000001,"Goldin, J; Lurie, IZ; McCubbin, J","Goldin, Jacob; Lurie, Ithai Z.; McCubbin, Janet"
WOS:000544015700002,"Autor, D; Dorn, D; Katz, LF; Patterson, C; Van Reenen, J","Autor, David; Dorn, David; Katz, Lawrence F.; Patterson, Christina; Van Reenen, John"
WOS:000489162100001,"Young, A","Young, Alwyn"
WOS:000489161300006,"Burchardi, KB; Gulesci, S; Lerva, B; Sulaiman, M","Burchardi, Konrad B.; Gulesci, Selim; Lerva, Benedetta; Sulaiman, Munshi"
WOS:000435871300005,"Hoffman, M; Kahn, LB; Li, D","Hoffman, Mitchell; Kahn, Lisa B.; Li, Danielle"
WOS:000423802600003,"Agarwal, S; Chomsisengphet, S; Mahoney, N; Stroebel, J","Agarwal, Sumit; Chomsisengphet, Souphala; Mahoney, Neale; Stroebel, Johannes"
WOS:000423802600010,"Embrey, M; Fréchette, GR; Yuksel, S","Embrey, Matthew; Frechette, Guillaume R.; Yuksel, Sevgi"
WOS:000423802600009,"Wiswall, M; Zafar, B","Wiswall, Matthew; Zafar, Basit"
WOS:000388576700004,"Kelly, M; Gráda, CO","Kelly, Morgan; Grada, Cormac O."
WOS:000336146600004,"Garthwaite, C; Gross, T; Notowidigdo, MJ","Garthwaite, Craig; Gross, Tal; Notowidigdo, Matthew J."
WOS:000979999900001,"Cortés, P; Pan, J; Pilossoph, L; Reuben, E; Zafar, B","Cortes, Patricia; Pan, Jessica; Pilossoph, Laura; Reuben, Ernesto; Zafar, Basit"
WOS:000946887400001,"Agan, A; Doleac, JL; Harvey, A","Agan, Amanda; Doleac, Jennifer L.; Harvey, Anna"
WOS:000921150500004,"Alan, S; Corekcioglu, G; Sutter, M","Alan, Sule; Corekcioglu, Gozde; Sutter, Matthias"
WOS:000743312400010,"Aquilina, M; Budish, E; O'Neill, P","Aquilina, Matteo; Budish, Eric; O'Neill, Peter"
WOS:000728439200005,"Bandiera, O; Best, MC; Khan, AQ; Prat, A","Bandiera, Oriana; Best, Michael Carlos; Khan, Adnan Qadir; Prat, Andrea"
WOS:000642334600012,"Carvalho, VM; Nirei, M; Saito, YU; Tahbaz-Salehi, A","Carvalho, Vasco M.; Nirei, Makoto; Saito, Yukiko U.; Tahbaz-Salehi, Alireza"
WOS:000672777600006,"Abaluck, J; Adams-Prassl, A","Abaluck, Jason; Adams-Prassl, Abi"
WOS:000544015700003,"Chetty, R; Hendren, N; Jones, MR; Porter, SR","Chetty, Raj; Hendren, Nathaniel; Jones, Maggie R.; Porter, Sonya R."
WOS:000544015700006,"Koijen, RSJ; Van Nieuwerburgh, S","Koijen, Ralph S. J.; Van Nieuwerburgh, Stijn"
WOS:000489162800004,"Chan, DC; Dickstein, MJ","Chan, David C.; Dickstein, Michael J."
WOS:000451281400009,"Gomes, R; Tirole, J","Gomes, Renato; Tirole, Jean"
WOS:000435871300010,"Acemoglu, D; Egorov, G; Sonin, K","Acemoglu, Daron; Egorov, Georgy; Sonin, Konstantin"
WOS:000412764300007,"Dal B'o, E; Finan, F; Folke, O; Persson, T; Rickne, J","Dal B'o, Ernesto; Finan, Frederico; Folke, Olle; Persson, Torsten; Rickne, Johanna"
WOS:000412764300009,"DellaVigna, S; Lindner, A; Reizer, B; Schmieder, JF","DellaVigna, Stefano; Lindner, Attila; Reizer, Balazs; Schmieder, Johannes F."
WOS:000412764300011,"Haushofer, J; Shapiro, J","Haushofer, Johannes; Shapiro, Jeremy"
WOS:000401981500004,"Baron, M; Xiong, W","Baron, Matthew; Xiong, Wei"
WOS:000388576700009,"Nagel, S","Nagel, Stefan"
WOS:000380249200007,"Rubinstein, A","Rubinstein, Ariel"
WOS:000764764900001,"Mullainathan, S; Obermeyer, Z","Mullainathan, Sendhil; Obermeyer, Ziad"
WOS:000728439200004,"Alan, S; Baysan, C; Gumren, M; Kubilay, E","Alan, Sule; Baysan, Ceren; Gumren, Mert; Kubilay, Elif"
WOS:000612198000010,"Caunedo, J; Keller, E","Caunedo, Julieta; Keller, Elisa"
WOS:000544015700004,"Chandra, A; Staiger, DO","Chandra, Amitabh; Staiger, Douglas O."
WOS:000451280400008,"Fieldhouse, AJ; Mertens, K; Ravn, MO","Fieldhouse, Andrew J.; Mertens, Karel; Ravn, Morten O."
WOS:000435871300003,"Herndrics, L; Schoellman, T","Herndrics, Lutz; Schoellman, Todd"
WOS:000396771300006,"Giroud, X; Mueller, HM","Giroud, Xavier; Mueller, Holger M."
WOS:000396771300005,"Scheuer, F; Werning, I","Scheuer, Florian; Werning, Ivan"
WOS:000388576700007,"Akerlof, R; Holden, R","Akerlof, Robert; Holden, Richard"
WOS:000383326100001,"Kirkeboen, LJ; Leuven, E; Mogstad, M","Kirkeboen, Lars J.; Leuven, Edwin; Mogstad, Magne"
WOS:000359638900005,"Ivashina, V; Scharfstein, DS; Stein, JC","Ivashina, Victoria; Scharfstein, David S.; Stein, Jeremy C."
WOS:001076716200001,"Brancaccio, G; Kalouptsidi, M; Papageorgiou, T; Rosaia, N","Brancaccio, Giulia; Kalouptsidi, Myrto; Papageorgiou, Theodore; Rosaia, Nicola"
WOS:001030461600001,"Bianchi, F; Faccini, R; Melosi, L","Bianchi, Francesco; Faccini, Renato; Melosi, Leonardo"
WOS:001035117100001,"Greenwood, R; Hanson, S; Stein, JC; Sunderam, A","Greenwood, Robin; Hanson, Samuel; Stein, Jeremy C.; Sunderam, Adi"
WOS:000865127000001,"Chalendard, C; Fernandes, AM; Raballand, G; Rijkers, B","Chalendard, Cyril; Fernandes, Ana M.; Raballand, Gael; Rijkers, Bob"
WOS:000764509800001,"Michelman, V; Price, J; Zimmerman, SD","Michelman, Valerie; Price, Joseph; Zimmerman, Seth D."
WOS:000743312400011,"Einav, L; Finkelstein, A; Ji, YA; Mahoney, N","Einav, Liran; Finkelstein, Amy; Ji, Yunan; Mahoney, Neale"
WOS:000728439200007,"Stantcheva, S","Stantcheva, Stefanie"
WOS:000642334600007,"Dahl, GB; Kotsadam, A; Rooth, DO","Dahl, Gordon B.; Kotsadam, Andreas; Rooth, Dan-Olof"
WOS:000451281400007,"Spenkuch, JL; Toniatti, D","Spenkuch, Jorg L.; Toniatti, David"
WOS:000401981500001,"Atkin, D; Khandelwal, AK; Osman, A","Atkin, David; Khandelwal, Amit K.; Osman, Adam"
WOS:000351525000003,"Agarwal, S; Chomsisengphet, S; Mahoney, N; Stroebel, J","Agarwal, Sumit; Chomsisengphet, Souphala; Mahoney, Neale; Stroebel, Johannes"
WOS:000346660500010,"Lehmann, E; Simula, L; Trannoy, A","Lehmann, Etienne; Simula, Laurent; Trannoy, Alain"
WOS:000813236400001,"Olea, JLM; Ortoleva, P; Pai, MM; Prat, A","Montiel Olea, Jose Luis; Ortoleva, Pietro; Pai, Mallesh M.; Prat, Andrea"
WOS:000770420700001,"Clayton, C; Schaab, A","Clayton, Christopher; Schaab, Andreas"
WOS:000743312400001,"Gethin, A; Martínez-Toledano, C; Piketty, T","Gethin, Amory; Martinez-Toledano, Clara; Piketty, Thomas"
WOS:000728439200008,"Bonomi, G; Gennaioli, N; Tabellini, G","Bonomi, Giampaolo; Gennaioli, Nicola; Tabellini, Guido"
WOS:000728439200012,"Cantoni, E; Pons, V","Cantoni, Enrico; Pons, Vincent"
WOS:000672777600005,"Abaluck, J; Bravo, MC; Hull, P; Starc, A","Abaluck, Jason; Bravo, Mauricio Caceres; Hull, Peter; Starc, Amanda"
WOS:000672777600008,"Hanson, SG; Lucca, DO; Wright, JH","Hanson, Samuel G.; Lucca, David O.; Wright, Jonathan H."
WOS:000544017700008,"Sandvik, JJ; Saouma, RE; Seegert, NT; Stanton, CT","Sandvik, Jason J.; Saouma, Richard E.; Seegert, Nathan T.; Stanton, Christopher T."
WOS:000489163400009,"Hassan, TA; Hollander, S; van Lent, L; Tahoun, A","Hassan, Tarek A.; Hollander, Stephan; van Lent, Laurence; Tahoun, Ahmed"
WOS:000489162100008,"Enke, B","Enke, Benjamin"
WOS:000489161300003,"Beraja, M; Fuster, A; Hurst, E; Vavra, J","Beraja, Martin; Fuster, Andreas; Hurst, Erik; Vavra, Joseph"
WOS:000489161300010,"Caicedo, FV","Caicedo, Felipe Valencia"
WOS:000451280400001,"Chetty, R; Hendren, N","Chetty, Raj; Hendren, Nathaniel"
WOS:000435871300004,"Dell, M; Querubin, P","Dell, Melissa; Querubin, Pablo"
WOS:000412764300003,"Fajgelbaum, PD; Schaal, E; Taschereau-Dumouchel, M","Fajgelbaum, Pablo D.; Schaal, Edouard; Taschereau-Dumouchel, Mathieu"
WOS:000406177000004,"Glover, D; Pallais, A; Pariente, W","Glover, Dylan; Pallais, Amanda; Pariente, William"
WOS:000383326100006,"Ponticelli, J; Alencar, LS","Ponticelli, Jacopo; Alencar, Leonardo S."
WOS:000342236000008,"Buser, T; Niederle, M; Oosterbeek, H","Buser, Thomas; Niederle, Muriel; Oosterbeek, Hessel"
WOS:000342236000003,"Chetty, R; Friedman, JN; Leth-Petersen, S; Nielsen, TH; Olsen, T","Chetty, Raj; Friedman, John N.; Leth-Petersen, Soren; Nielsen, Torben Heien; Olsen, Tore"
WOS:000336146600008,"Agarwal, S; Lucca, D; Seru, A; Trebbi, F","Agarwal, Sumit; Lucca, David; Seru, Amit; Trebbi, Francesco"
WOS:000946927000001,"Bursztyn, L; Egorov, G; Haaland, I; Rao, AK; Roth, C","Bursztyn, Leonardo; Egorov, Georgy; Haaland, Ingar; Rao, Aakaash; Roth, Christopher"
WOS:000743312400009,"Bianchi, J; Mondragon, J","Bianchi, Javier; Mondragon, Jorge"
WOS:000612198000003,"Ang, D","Ang, Desmond"
WOS:000593217300009,"Barnichon, R; Mesters, G","Barnichon, Regis; Mesters, Geert"
WOS:000544017700002,"Backus, M; Blake, T; Larsen, B; Tadelis, S","Backus, Matthew; Blake, Thomas; Larsen, Brad; Tadelis, Steven"
WOS:000544015700009,"Ashraf, N; Bau, N; Low, C; Mcginn, K","Ashraf, Nava; Bau, Natalie; Low, Corinne; Mcginn, Kathleen"
WOS:000507362800009,"Caselli, F; Koren, M; Lisicky, M; Tenreyro, S","Caselli, Francesco; Koren, Miklos; Lisicky, Milan; Tenreyro, Silvana"
WOS:000507362800005,"Eliason, PJ; Heebsh, B; Mcdevitt, RC; Roberts, JW","Eliason, Paul J.; Heebsh, Benjamin; Mcdevitt, Ryan C.; Roberts, James W."
WOS:000489162800008,"Finkelstein, A; Notowidigdo, MJ","Finkelstein, Amy; Notowidigdo, Matthew J."
WOS:000489162100006,"Costinot, A; Donaldson, D; Kyle, M; Williams, H","Costinot, Arnaud; Donaldson, Dave; Kyle, Margaret; Williams, Heidi"
WOS:000489161300004,"Chen, T; Kung, JKS","Chen, Ting; Kung, James Kai-Sing"
WOS:000451280400002,"Chetty, R; Hendren, N","Chetty, Raj; Hendren, Nathaniel"
WOS:000406177000006,"Bhargava, S; Loewenstein, G; Sydnor, J","Bhargava, Saurabh; Loewenstein, George; Sydnor, Justin"
WOS:000396771300003,"Arezki, R; Ramey, VA; Sheng, LG","Arezki, Rabah; Ramey, Valerie A.; Sheng, Liugang"
WOS:000365535400009,"Farber, HS","Farber, Henry S."
WOS:000351525000005,"Bartling, B; Weber, RA; Yao, L","Bartling, Bjorn; Weber, Roberto A.; Yao, Lan"
WOS:000346660500003,"Gabaix, X","Gabaix, Xavier"
WOS:000854284500001,"Caprettini, B; Voth, HJ","Caprettini, Bruno; Voth, Hans-Joachim"
WOS:000743312400012,"Ali, SN; Haghpanah, N; Lin, X; Siegel, R","Ali, S. Nageeb; Haghpanah, Nima; Lin, Xiao; Siegel, Ron"
WOS:000507362800006,"Card, D; Dellavigna, S; Funk, P; Iriberri, N","Card, David; Dellavigna, Stefano; Funk, Patricia; Iriberri, Nagore"
WOS:000489163400006,"Adao, R; Kolesár, M; Morales, E","Adao, Rodrigo; Kolesar, Michal; Morales, Eduardo"
WOS:000435871300008,"Iaria, A; Schwarz, C; Waldinger, F","Iaria, Alessandro; Schwarz, Carlo; Waldinger, Fabian"
WOS:000406177000001,"Bold, T; Kaizzi, KC; Svensson, J; Yanagizawa-Drott, D","Bold, Tessa; Kaizzi, Kayuki C.; Svensson, Jakob; Yanagizawa-Drott, David"
WOS:000380249200003,"Card, D; Cardoso, AR; Kline, P","Card, David; Cardoso, Ana Rute; Kline, Patrick"
WOS:000342236000005,"Piketty, T; Zucman, G","Piketty, Thomas; Zucman, Gabriel"
WOS:000988606100001,"Jacobsen, MR; Sallee, JM; Shapiro, JS; van Benthem, AA","Jacobsen, Mark R.; Sallee, James M.; Shapiro, Joseph S.; van Benthem, Arthur A."
WOS:000803708500001,"Arteaga, F; Kapor, AJ; Neilson, CA; Zimmerman, SD","Arteaga, Felipe; Kapor, Adam J.; Neilson, Ciiristopiier A.; Zimmerman, Seth D."
WOS:000785751900001,"Meyer, J; Reinhart, CM; Trebesch, C","Meyer, Josefin; Reinhart, Carmen M.; Trebesch, Christoph"
WOS:000770118700001,"Bilk, A; Blandin, A; Rogerson, R","Bilk, Alexander; Blandin, Adam; Rogerson, Richard"
WOS:000743312400003,"Bleemer, Z","Bleemer, Zachary"
WOS:000672777600003,"Breza, E; Kinnan, C","Breza, Emily; Kinnan, Cynthia"
WOS:000672777600012,"Setzler, B; Tintelnot, F","Setzler, Bradley; Tintelnot, Felix"
WOS:000672777600001,"Farber, HS; Herbst, D; Kitziemko, I; Naidu, S","Farber, Henry S.; Herbst, Daniel; Kitziemko, Ilyana; Naidu, Suresh"
WOS:000642334600006,"Augenblick, N; Rabin, M","Augenblick, Ned; Rabin, Matthew"
WOS:000593217300003,"Jäger, S; Schoefer, B; Young, S; Zweimüller, J","Jager, Simon; Schoefer, Benjamin; Young, Samuel; Zweimuller, Josef"
WOS:000489162800001,"Alan, S; Boneva, T; Ertac, S","Alan, Sule; Boneva, Teodora; Ertac, Seda"
WOS:000423802600004,"Agan, A; Starr, S","Agan, Amanda; Starr, Sonja"
WOS:000423802600001,"de la Croix, D; Doepke, M; Mokyr, J","de la Croix, David; Doepke, Matthias; Mokyr, Joel"
WOS:000423802600005,"Kleinberg, J; Lakkaraju, H; Leskovec, J; Ludwig, J; Mullainathan, S","Kleinberg, Jon; Lakkaraju, Himabindu; Leskovec, Jure; Ludwig, Jens; Mullainathan, Sendhil"
WOS:000396771300009,"Dustmann, C; Schönberg, U; Stuhler, J","Dustmann, Christian; Schoenberg, Uta; Stuhler, Jan"
WOS:000396771300008,"Martin, I","Martin, Ian"
WOS:000380249200009,"David, JM; Hopenhayn, HA; Venkateswaran, V","David, Joel M.; Hopenhayn, Hugo A.; Venkateswaran, Venky"
WOS:000351525000010,"Jacob, BA; Kapustin, M; Ludwig, J","Jacob, Brian A.; Kapustin, Max; Ludwig, Jens"
WOS:000342236000001,"Hsieh, CT; Klenow, PJ","Hsieh, Chang-Tai; Klenow, Peter J."
WOS:000336146600005,"Blattman, C; Fiala, N; Martinez, S","Blattman, Christopher; Fiala, Nathan; Martinez, Sebastian"
WOS:000986429900001,"Berger, D; Bocola, L; Dovis, A","Berger, David; Bocola, Luigi; Dovis, Alessandro"
WOS:000867883100001,"Cook, LD; Jones, MEC; Logan, TD; Rosé, D","Cook, Lisa D.; Jones, Maggie E. C.; Logan, Trevon D.; Rose, David"
WOS:000612198000004,"Derenoncourt, E; Montialoux, C","Derenoncourt, Ellora; Montialoux, Claire"
WOS:000507362800007,"Jakobsen, K; Jakobsen, K; Kleven, H; Zucman, G","Jakobsen, Katrine; Jakobsen, Kristian; Kleven, Henrik; Zucman, Gabriel"
WOS:000435871300009,"de Ree, J; Muralidharan, K; Pradhan, M; Rogers, H","de Ree, Joppe; Muralidharan, Karthik; Pradhan, Menno; Rogers, Halsey"
WOS:000406177000005,"Brot-Goldberg, ZC; Chandra, A; Handel, BR; Kolstad, JT","Brot-Goldberg, Zarek C.; Chandra, Amitabh; Handel, Benjamin R.; Kolstad, Jonathan T."
WOS:000396771300007,"Benmelech, E; Meisenzahl, RR; Ramcharan, R","Benmelech, Efraim; Meisenzahl, Ralf R.; Ramcharan, Rodney"
WOS:000380249200006,"Donaldson, D; Hornbeck, R","Donaldson, Dave; Hornbeck, Richard"
WOS:000371602500003,"Arkolakis, C","Arkolakis, Costas"
WOS:000354733000003,"Campante, F; Yanagizawa-Drott, D","Campante, Filipe; Yanagizawa-Drott, David"
WOS:000354733000004,"Costinot, A; Donaldson, D; Vogel, J; Werning, I","Costinot, Arnaud; Donaldson, Dave; Vogel, Jonathan; Werning, Ivan"
WOS:000351525000002,"Greenwood, R; Hanson, SG","Greenwood, Robin; Hanson, Samuel G."
WOS:000346660500002,"Coffman, KB","Coffman, Katherine Baldiga"
WOS:000939688700001,"Chatterjee, S","Chatterjee, Shoumitro"
WOS:000935195800001,"Philippon, T; Wang, OLV","Philippon, Thomas; Wang, Olivier"
WOS:000904947200001,"Baqaee, DR; Burstein, A","Baqaee, David R.; Burstein, Ariel"
WOS:000770114200001,"Alfaro-Ureña, A; Manelici, I; Vasquez, JP","Alfaro-Urena, Alonso; Manelici, Isabela; Vasquez, Jose P."
WOS:000489163400001,"Smith, M; Yagan, D; Zidar, O; Zwick, E","Smith, Matthew; Yagan, Danny; Zidar, Owen; Zwick, Eric"
WOS:000489162100010,"Rogerson, R; Wallenius, J","Rogerson, Richard; Wallenius, Johanna"
WOS:000489161300008,"Hassan, TA; Mano, RC","Hassan, Tarek A.; Mano, Rui C."
WOS:000423802600002,"Giglio, S; Kelly, B","Giglio, Stefano; Kelly, Bryan"
WOS:000406177000008,"Guerrieri, V; Lorenzoni, G","Guerrieri, Veronica; Lorenzoni, Guido"
WOS:000396771300001,"Heller, SB; Shah, AK; Guryan, J; Ludwig, J; Mullainathan, S; Pollack, HA","Heller, Sara B.; Shah, Anuj K.; Guryan, Jonathan; Ludwig, Jens; Mullainathan, Sendhil; Pollack, Harold A."
WOS:000371602500004,"Jackson, CK; Johnson, RC; Persico, C","Jackson, C. Kirabo; Johnson, Rucker C.; Persico, Claudia"
WOS:000330451700010,"Billings, SB; Deming, DJ; Rockoff, J","Billings, Stephen B.; Deming, David J.; Rockoff, Jonah"
WOS:000330451700006,"Wallace, N","Wallace, Neil"
WOS:000986430600001,"Afrouzi, H; Kwon, SY; Landier, A; Ma, YR; Thesmar, D","Afrouzi, Hassan; Kwon, Spencer Y.; Landier, Augustin; Ma, Yueran; Thesmar, David"
WOS:000743312400008,"vom Lehn, C; Winberry, T","vom Lehn, Christian; Winberry, Thomas"
WOS:000593217300007,"He, GJ; Wang, SD; Zhang, B","He, Guojun; Wang, Shaoda; Zhang, Bing"
WOS:000544015700005,"Bazzi, S; Koehler-Derrick, G; Marx, B","Bazzi, Samuel; Koehler-Derrick, Gabriel; Marx, Benjamin"
WOS:000489162800003,"Jordà, O; Knoll, K; Kuvshinov, D; Schularick, M; Taylor, AM","Jorda, Oscar; Knoll, Katharina; Kuvshinov, Dmitry; Schularick, Moritz; Taylor, Alan M."
WOS:000451281400008,"Cantoni, D; Dittmar, J; Yuchtman, N","Cantoni, Davide; Dittmar, Jeremiah; Yuchtman, Noam"
WOS:000401981500002,"Bhandari, A; Evans, D; Golosov, M; Sargent, TJ","Bhandari, Anmol; Evans, David; Golosov, Mikhail; Sargent, Thomas J."
WOS:000396771300002,"Debortoli, D; Nunes, R; Yared, P","Debortoli, Davide; Nunes, Ricardo; Yared, Pierre"
WOS:000380249200010,"Veiga, A; Weyl, EG","Veiga, Andre; Weyl, E. Glen"
,"Allcott, H","Allcott, Hunt"
WOS:000359638900009,"Anderson, S; Bidner, C","Anderson, Siwan; Bidner, Chris"
WOS:000936189300001,"Fernández-Villaverde, J; Koyama, M; Lin, YH; Sng, TH","Fernandez-Villaverde, Jesus; Koyama, Mark; Lin, Youhong; Sng, Tuan-Hwee"
WOS:000891996300001,"Bai, Y; Jia, RX; Yang, JJ","Bai, Ying; Jia, Ruixue; Yang, Jiaojiao"
WOS:000867882500001,"Gray-Lobe, G; Pathak, PA; Walters, CR","Gray-Lobe, Guthrie; Pathak, Parag A.; Walters, Christopher R."
WOS:000826159000011,"Li, XM; Camerer, CF","Li, Xiaomin; Camerer, Colin F."
WOS:000764683400001,"Gumpert, A; Steimer, H; Antoni, M","Gumpert, Anna; Steimer, Henrike; Antoni, Manfred"
WOS:000544017700003,"Enke, B","Enke, Benjamin"
WOS:000544015700010,"Koszegi, B; Matejka, F","Koszegi, Botond; Matejka, Filip"
WOS:000507362800003,"Baqaee, DR; Farhi, E","Baqaee, David Rezza; Farhi, Emmanuel"
WOS:000507362800001,"Fajgelbaum, PD; Goldberg, PK; Kennedy, PJ; Khandelwal, AK","Fajgelbaum, Pablo D.; Goldberg, Pinelopi K.; Kennedy, Patrick J.; Khandelwal, Amit K."
WOS:000489163400004,"Atalay, E; Hortaçsu, A; Li, MJ; Syverson, C","Atalay, Enghin; Hortacsu, Ali; Li, Mary Jialin; Syverson, Chad"
WOS:000489161300007,"Keiser, DA; Shapiro, JS","Keiser, David A.; Shapiro, Joseph S."
WOS:000451280400006,"Campante, F; Yanagizawa-Drott, D","Campante, Filipe; Yanagizawa-Drott, David"
WOS:000388576700002,"Baird, S; Hicks, JH; Kremer, M; Miguel, E","Baird, Sarah; Hicks, Joan Hamory; Kremer, Michael; Miguel, Edward"
WOS:000380249200004,"Cesarini, D; Lindqvist, E; Östling, R; Wallace, B","Cesarini, David; Lindqvist, Erik; Ostling, Robert; Wallace, Bjorn"
WOS:000371602500009,"Gelber, A; Isen, A; Kessler, JB","Gelber, Alexander; Isen, Adam; Kessler, Judd B."
WOS:000905046000001,"Ganong, P; Noel, P","Ganong, Peter; Noel, Pascal"
WOS:000892024400001,"Moscona, J; Sastry, KA","Moscona, Jacob; Sastry, Karthik A."
WOS:000813228500001,"Barr, A; Eggleston, J; Smith, AA","Barr, Andrew; Eggleston, Jonathan; Smith, Alexander A."
WOS:000785803800001,"Knutsson, D; Tyrefors, B","Knutsson, Daniel; Tyrefors, Bjorn"
WOS:000672777600010,"Altmejd, A; Barrios-Fernández, A; Drlje, M; Goodman, J; Hurwitz, M; Kovac, D; Mulhern, C; Neilson, C; Smith, J","Altmejd, Adam; Barrios-Fernandez, Andres; Drlje, Marin; Goodman, Joshua; Hurwitz, Michael; Kovac, Dejan; Mulhern, Christine; Neilson, Christopher; Smith, Jonathan"
WOS:000544017700009,"Caplin, A; Csaba, D; Leahy, J; Nov, O","Caplin, Andrew; Csaba, Daniel; Leahy, John; Nov, Oded"
WOS:000489163400002,"Jones, D; Molitor, D; Reif, J","Jones, Damon; Molitor, David; Reif, Julian"
WOS:000489162800005,"Kline, P; Petkova, N; Williams, H; Zidar, O","Kline, Patrick; Petkova, Neviana; Williams, Heidi; Zidar, Owen"
WOS:000489161300009,"Alvarez, F; Beraja, M; Gonzalez-Rozada, M; Neumeyer, PA","Alvarez, Fernando; Beraja, Martin; Gonzalez-Rozada, Martin; Andres Neumeyer, Pablo"
WOS:000412764300001,"Andrews, I; Gentzkow, M; Shapiro, JM","Andrews, Isaiah; Gentzkow, Matthew; Shapiro, Jesse M."
WOS:000388576700001,"Baker, SR; Bloom, N; Davis, SJ","Baker, Scott R.; Bloom, Nicholas; Davis, Steven J."
WOS:000380249200005,"Artavanis, N; Morse, A; Tsoutsoura, M","Artavanis, Nikolaos; Morse, Adair; Tsoutsoura, Margarita"
WOS:000354733000008,"Einav, L; Finkelstein, A; Schrimpf, P","Einav, Liran; Finkelstein, Amy; Schrimpf, Paul"
WOS:000351525000007,"Galasso, A; Schankerman, M","Galasso, Alberto; Schankerman, Mark"
WOS:000342236000002,"Allen, T; Arkolakis, C","Allen, Treb; Arkolakis, Costas"
WOS:000342236000006,"Hanna, R; Mullainathan, S; Schwartzstein, J","Hanna, Rema; Mullainathan, Sendhil; Schwartzstein, Joshua"
WOS:000330451700004,"Michalopoulos, S; Papaioannou, E","Michalopoulos, Stelios; Papaioannou, Elias"
WOS:000942114200001,"Le Pennec, C; Pons, V","Le Pennec, Caroline; Pons, Vincent"
WOS:000885663500001,"Abadie, A; Athey, S; Imbens, GW; Wooldridge, JM","Abadie, Alberto; Athey, Susan; Imbens, Guido W.; Wooldridge, Jeffrey M."
WOS:000728439200006,"Mian, A; Straub, L; Sufi, A","Mian, Atif; Straub, Ludwig; Sufi, Amir"
WOS:000593217300005,"Boehm, J; Oberfield, E","Boehm, Johannes; Oberfield, Ezra"
WOS:000489162800010,"Mbiti, I; Muralidharan, K; Romero, M; Schipper, Y; Manda, C; Rajani, R","Mbiti, Isaac; Muralidharan, Karthik; Romero, Mauricio; Schipper, Youdi; Manda, Constantine; Rajani, Rakesh"
WOS:000451280400009,"Bursztyn, L; Ferman, B; Fiorin, S; Kanz, M; Rao, G","Bursztyn, Leonardo; Ferman, Bruno; Fiorin, Stefano; Kanz, Martin; Rao, Gautam"
WOS:000451280400004,"Nakamura, E; Steinsson, J","Nakamura, Emi; Steinsson, Jon"
WOS:000401981500003,"Kogan, L; Papanikolaou, D; Seru, A; Stoffman, N","Kogan, Leonid; Papanikolaou, Dimitris; Seru, Amit; Stoffman, Noah"
WOS:000383326100009,"Broner, F; Ventura, J","Broner, Fernando; Ventura, Jaume"
WOS:000371602500006,"Casaburi, L; Troiano, U","Casaburi, Lorenzo; Troiano, Ugo"
WOS:000354733000011,"Dal Bo, E; Finan, F; Rossi, MA","Dal Bo, Ernesto; Finan, Frederico; Rossi, Martín A."
WOS:000351525000004,"Bloom, N; Liang, J; Roberts, J; Ying, ZJ","Bloom, Nicholas; Liang, James; Roberts, John; Ying, Zhichun Jenny"
WOS:001065157900001,"Adukia, A; Eble, A; Harrison, E; Runesha, HB; Szasz, T","Adukia, Anjali; Eble, Alex; Harrison, Emileigh; Runesha, Hakizumwami Birali; Szasz, Teodora"
WOS:000999691800001,"Bazzi, S; Ferrara, A; Fiszbein, M; Pearson, T; Testa, PA","Bazzi, Samuel; Ferrara, Andreas; Fiszbein, Martin; Pearson, Thomas; Testa, Patrick A."
WOS:000855414400001,"Kermani, A; Ma, YR","Kermani, Amir; Ma, Yueran"
WOS:000770421700001,"Hazell, J; Herreño, J; Nakamura, E; Steinsson, J","Hazell, Jonathon; Herreno, Juan; Nakamura, Emi; Steinsson, Jon"
WOS:000728439200010,"Angeletos, GM; Sastry, KA","Angeletos, George-Marios; Sastry, Karthik A."
WOS:000743312400005,"Biasi, B; Sarsons, H","Biasi, Barbara; Sarsons, Heather"
WOS:000642334600004,"Shapiro, JS","Shapiro, Joseph S."
WOS:000544015700008,"Bustos, P; Garber, G; Ponticelli, J","Bustos, Paula; Garber, Gabriel; Ponticelli, Jacopo"
WOS:000489162100004,"Jaravel, X","Jaravel, Xavier"
WOS:000451280400003,"Cai, J; Szeidl, A","Cai, Jing; Szeidl, Adam"
WOS:000435871300007,"Che, YK; Hörner, J","Che, Yeon-Koo; Horner, Johannes"
WOS:000423802600007,"Henderson, JV; Squires, T; Storeygard, A; Weil, D","Henderson, J. Vernon; Squires, Tim; Storeygard, Adam; Weil, David"
WOS:000412764300008,"Gopinath, G; Kalemli-Özcan, S; Karabarbounis, L; Villegas-Sanchez, C","Gopinath, Gita; Kalemli-Ozcan, Sebnem; Karabarbounis, Loukas; Villegas-Sanchez, Carolina"
WOS:000406177000011,"Kirkeboen, L; Leuven, E; Mogstad, M","Kirkeboen, Lars; Leuven, Edwin; Mogstad, Magne"
WOS:000365535400007,"Adena, M; Enikolopov, R; Petrova, M; Santarosa, V; Zhuravskaya, E","Adena, Maja; Enikolopov, Ruben; Petrova, Maria; Santarosa, Veronica; Zhuravskaya, Ekaterina"
WOS:000365535400004,"Aguiar, M; Amador, M; Farhi, E; Gopinath, G","Aguiar, Mark; Amador, Manuel; Farhi, Emmanuel; Gopinath, Gita"
WOS:000351525000001,"Giglio, S; Maggiori, M; Stroebel, J","Giglio, Stefano; Maggiori, Matteo; Stroebel, Johannes"
WOS:000336146600010,"Hodler, R; Raschky, PA","Hodler, Roland; Raschky, Paul A."
WOS:001010970300001,"Ghosh, A; Hwang, SI; Squires, M","Ghosh, Arkadev; Hwang, Sam Il Myoung; Squires, Munir"
WOS:000946888200001,"Besley, T; Persson, T","Besley, Timothy; Persson, Torsten"
WOS:000836125300001,"Ilut, C; Valchev, R","Ilut, Cosmin; Valchev, Rosen"
WOS:000612198000002,"Baron, M; Verner, E; Xiong, W","Baron, Matthew; Verner, Emil; Xiong, Wei"
WOS:000489163400008,"Benson, A; Li, D; Shue, K","Benson, Alan; Li, Danielle; Shue, Kelly"
WOS:000489162800009,"Allcott, H; Lockwood, BB; Taubinsky, D","Allcott, Hunt; Lockwood, Benjamin B.; Taubinsky, Dmitry"
WOS:000489162800007,"Barjamovic, G; Chaney, T; Cosar, K; Hortaçsu, A","Barjamovic, Gojko; Chaney, Thomas; Cosar, Kerem; Hortacsu, Ali"
WOS:000451281400003,"Dickstein, MJ; Morales, E","Dickstein, Michael J.; Morales, Eduardo"
WOS:000435871300002,"Breza, E; Kaur, S; Shamdasani, Y","Breza, Emily; Kaur, Supreet; Shamdasani, Yogita"
WOS:000396771300004,"Tintelnot, F","Tintelnot, Felix"
WOS:000388576700006,"Kline, P; Walters, CR","Kline, Patrick; Walters, Christopher R."
WOS:000380249200002,"Pinkovskiy, M; Sala-I-Martin, X","Pinkovskiy, Maxim; Sala-I-Martin, Xavier"
WOS:000371602500001,"Farhi, E; Gabaix, X","Farhi, Emmanuel; Gabaix, Xavier"
WOS:000371602500007,"Sampson, T","Sampson, Thomas"
WOS:000818056100001,"Hermo, S; Päällysaho, M; Seim, D; Shapiro, JM","Hermo, Santiago; Paallysaho, Miika; Seim, David; Shapiro, Jesse M."
WOS:000767684700001,"Acemoglu, D; De Feo, G; De Luca, G; Russo, G","Acemoglu, Daron; De Feo, Giuseppe; De Luca, Giacomo; Russo, Gianluca"
WOS:000743312400006,"Dustmann, C; Lindner, A; Schönberg, U; Umkehrer, M; vom Berge, P","Dustmann, Christian; Lindner, Attila; Schonberg, Uta; Umkehrer, Matthias; vom Berge, Philipp"
WOS:000743312400007,"Akcigit, U; Grigsby, J; Nicholas, T; Stantcheva, S","Akcigit, Ufuk; Grigsby, John; Nicholas, Tom; Stantcheva, Stefanie"
WOS:000743312400002,"Feigenberg, B; Miller, C","Feigenberg, Benjamin; Miller, Conrad"
WOS:000672777600004,"Coppola, A; Maggiori, M; Neiman, B; Schreger, J","Coppola, Antonio; Maggiori, Matted; Neiman, Brent; Schreger, Jesse"
WOS:000593217300001,"Auriol, E; Lassebie, J; Panin, A; Raiber, E; Seabright, P","Auriol, Emmanuelle; Lassebie, Julie; Panin, Amma; Raiber, Eva; Seabright, Paul"
WOS:000489162100003,"Bell, A; Chetty, R; Jaravel, X; Petkova, N; Van Reenen, J","Bell, Alex; Chetty, Raj; Jaravel, Xavier; Petkova, Neviana; Van Reenen, John"
WOS:000489162100007,"Blouin, A; Macchiavello, R","Blouin, Arthur; Macchiavello, Rocco"
WOS:000451280400010,"Fowlie, M; Greenstone, M; Wolfram, C","Fowlie, Meredith; Greenstone, Michael; Wolfram, Catherine"
WOS:000435871300006,"Hansen, S; McMahon, M; Prat, A","Hansen, Stephen; McMahon, Michael; Prat, Andrea"
WOS:000412764300012,"Angrist, JD; Hull, PD; Pathak, PA; Walters, CR","Angrist, Joshua D.; Hull, Peter D.; Pathak, Parag A.; Walters, Christopher R."
WOS:000388576700003,"Finkelstein, A; Gentzkow, M; Williams, H","Finkelstein, Amy; Gentzkow, Matthew; Williams, Heidi"
WOS:000383326100003,"Chen, DL; Moskowitz, TJ; Shue, K","Chen, Daniel L.; Moskowitz, Tobias J.; Shue, Kelly"
WOS:000380249200008,"Adda, J","Adda, Jerome"
WOS:000380249200001,"Saez, E; Zucman, G","Saez, Emmanuel; Zucman, Gabriel"
WOS:000365535400010,"Fillat, JL; Garetto, S","Fillat, Jose L.; Garetto, Stefania"
WOS:000354733000009,"Piguillem, F; Riboni, A","Piguillem, Facundo; Riboni, Alessandro"
WOS:000336146600002,"Cavallo, A; Neiman, B; Rigobon, R","Cavallo, Alberto; Neiman, Brent; Rigobon, Roberto"
WOS:001022028300001,"Cajal-Grossi, J; Macchiavello, R; Noguera, G","Cajal-Grossi, Julia; Macchiavello, Rocco; Noguera, Guillermo"
WOS:000768142500001,"Exley, CL; Kessler, JB","Exley, Christine L.; Kessler, Judd B."
WOS:000593217300006,"Heblich, S; Redding, SJ; Sturm, DM","Heblich, Stephan; Redding, Stephen J.; Sturm, Daniel M."
WOS:000489162100002,"Ilzetzki, E; Reinhart, CM; Rogoff, KS","Ilzetzki, Ethan; Reinhart, Carmen M.; Rogoff, Kenneth S."
WOS:000489161300002,"Cooper, Z; Craig, SV; Gaynor, M; Van Reenen, J","Cooper, Zack; Craig, Stuart V.; Gaynor, Martin; Van Reenen, John"
WOS:000451281400002,"Kueng, L","Kueng, Lorenz"
WOS:000401981500006,"Bandiera, O; Burgess, R; Das, N; Gulesci, S; Rasul, I; Sulaiman, M","Bandiera, Oriana; Burgess, Robin; Das, Narayan; Gulesci, Selim; Rasul, Imran; Sulaiman, Munshi"
WOS:000388576700010,"Haushofer, J; Shapiro, J","Haushofer, Johannes; Shapiro, Jeremy"
WOS:000383326100005,"Hottman, CJ; Redding, SJ; Weinstein, DE","Hottman, Colin J.; Redding, Stephen J.; Weinstein, David E."
WOS:000371602500010,"Bierbrauer, FJ; Boyer, PC","Bierbrauer, Felix J.; Boyer, Pierre C."
WOS:000359638900004,"Kremer, M; Snyder, CM","Kremer, Michael; Snyder, Christopher M."
WOS:000330451700008,"Kleven, HJ; Landais, C; Saez, E; Schultz, E","Kleven, Henrik Jacobsen; Landais, Camille; Saez, Emmanuel; Schultz, Esben"
